URL,"Category (Dresses, Outerwear, Accesories)","City (LA, NYC)",Color,"Activity (Dining, PP)"
https://www.madewell.com/orchard-flutter-sleeve-dress-in-confetti-floral-L3337.html?dwvar_L3337_color=WQ6407&cgid=apparel-dress&position=0&position=0&activeChunk=0,Dresses,,,
https://www.madewell.com/ruffle-strap-wrap-dress-in-confetti-floral-L3461.html?dwvar_L3461_color=WQ6408&cgid=apparel-dress&position=1&position=1&activeChunk=0,Dresses,,,
https://www.madewell.com/texture-amp%3B-thread-button-front-tank-dress-L3301.html?dwvar_L3301_color=NA6259&cgid=apparel-dress&position=2&position=2&activeChunk=0,Dresses,,,
https://www.madewell.com/denim-shirred-sleeve-wrap-dress-in-elsworth-wash-K9318.html?dwvar_K9318_color=DM2862&cgid=apparel-dress&position=3&position=3&activeChunk=0,Dresses,,,
https://www.madewell.com/puff-sleeve-wrap-midi-dress-in-ikat-floral-L3333.html?dwvar_L3333_color=WQ6405&cgid=apparel-dress&position=4&position=4&activeChunk=0,Dresses,,,
https://www.madewell.com/texture-amp%3B-thread-square-neck-smocked-dress-L3471.html?dwvar_L3471_color=KA7178&cgid=apparel-dress&position=5&position=5&activeChunk=0,Dresses,,,
https://www.madewell.com/puff-sleeve-tapered-jumpsuit-in-confetti-floral-L3684.html?dwvar_L3684_color=WQ6407&cgid=apparel-dress&position=6&position=6&activeChunk=0,Dresses,,,
https://www.madewell.com/striped-pull-on-jumpsuit-H5684.html?dwvar_H5684_color=WQ3571&cgid=apparel-dress&position=7&position=7&activeChunk=0,Dresses,,,
https://www.madewell.com/denim-seamed-wide-leg-jumpsuit-in-saville-wash-L4464.html?dwvar_L4464_color=DM2922&cgid=apparel-dress&position=8&position=8&activeChunk=0,Dresses,,,
https://www.madewell.com/northside-vintage-v-neck-tee-dress-L3747.html?dwvar_L3747_color=OR6146&cgid=apparel-dress&position=9&position=9&activeChunk=0,Dresses,,,
https://www.madewell.com/cami-wide-leg-jumpsuit-in-gingham-check-L3439.html?dwvar_L3439_color=WQ6521&cgid=apparel-dress&position=10&position=10&activeChunk=0,Dresses,,,
https://www.madewell.com/tie-sleeve-dress-in-indigo-stripe-K9488.html?dwvar_K9488_color=WQ6479&cgid=apparel-dress&position=11&position=11&activeChunk=0,Dresses,,,
https://www.madewell.com/cami-wide-leg-jumpsuit-in-april-showers-L3438.html?dwvar_L3438_color=WQ6402&cgid=apparel-dress&position=12&position=12&activeChunk=0,Dresses,,,
https://www.madewell.com/jersey-tank-dress-C7264.html?dwvar_C7264_color=BL0058&cgid=apparel-dress&position=13&position=13&activeChunk=0,Dresses,,,
https://www.madewell.com/highpoint-tank-dress-in-sulley-stripe-L3180.html?dwvar_L3180_color=KA5177&cgid=apparel-dress&position=14&position=14&activeChunk=0,Dresses,,,
https://www.madewell.com/highpoint-tank-dress-G2305.html?dwvar_G2305_color=GR0025&cgid=apparel-dress&position=15&position=15&activeChunk=0,Dresses,,,
https://www.madewell.com/denim-button-wrap-romper-L3574.html?dwvar_L3574_color=DM2892&cgid=apparel-dress&position=16&position=16&activeChunk=0,Dresses,,,
https://www.madewell.com/button-front-midi-dress-in-ikat-floral-L3332.html?dwvar_L3332_color=WQ6405&cgid=apparel-dress&position=17&position=17&activeChunk=0,Dresses,,,
https://www.madewell.com/button-waist-wide-leg-jumpsuit-in-ikat-floral-L3467.html?dwvar_L3467_color=WQ6406&cgid=apparel-dress&position=18&position=18&activeChunk=0,Dresses,,,
https://www.madewell.com/denim-apron-bow-back-dress-K9487.html?dwvar_K9487_color=DM2887&cgid=apparel-dress&position=19&position=19&activeChunk=0,Dresses,,,
https://www.madewell.com/silk-wide-strap-midi-dress-in-classic-corsage-L3331.html?dwvar_L3331_color=WQ6411&cgid=apparel-dress&position=20&position=20&activeChunk=0,Dresses,,,
https://www.madewell.com/tunic-shirtdress-in-rainbow-stripe-L3440.html?dwvar_L3440_color=WQ6516&cgid=apparel-dress&position=21&position=21&activeChunk=0,Dresses,,,
https://www.madewell.com/halter-smocked-maxi-dress-L3334.html?dwvar_L3334_color=WQ6408&cgid=apparel-dress&position=22&position=22&activeChunk=0,Dresses,,,
https://www.madewell.com/madewell-x-crewcuts-kids%27-confetti-floral-embroidered-denim-shift-dress-K9748.html?dwvar_K9748_color=DM2962&cgid=apparel-dress&position=23&position=23&activeChunk=0,Dresses,,,
https://www.madewell.com/scoopneck-tank-dress-in-rainbow-stripe-L3305.html?dwvar_L3305_color=WQ6518&cgid=apparel-dress&position=24&position=24&activeChunk=0,Dresses,,,
https://www.madewell.com/cami-tier-midi-dress-in-stripe-L3325.html?dwvar_L3325_color=WQ6548&cgid=apparel-dress&position=25&position=25&activeChunk=0,Dresses,,,
https://www.madewell.com/texture-amp%3B-thread-side-tie-dress-J3140.html?dwvar_J3140_color=BL5912&cgid=apparel-dress&position=26&position=26&activeChunk=0,Dresses,,,
https://www.madewell.com/ruffle-sleeve-maxi-dress-in-classic-corsage-L3303.html?dwvar_L3303_color=WQ6411&cgid=apparel-dress&position=27&position=27&activeChunk=0,Dresses,,,
https://www.madewell.com/cami-tier-midi-dress-in-metallic-classic-corsage-L3323.html?dwvar_L3323_color=WQ6397&cgid=apparel-dress&position=28&position=28&activeChunk=0,Dresses,,,
https://www.madewell.com/texture-amp%3B-thread-smocked-dress-in-stripe-L3463.html?dwvar_L3463_color=KA7178&cgid=apparel-dress&position=29&position=29&activeChunk=0,Dresses,,,
https://www.madewell.com/rainbow-smocked-trapeze-dress-L3449.html?dwvar_L3449_color=WQ6407&cgid=apparel-dress&position=30&position=30&activeChunk=0,Dresses,,,
https://www.madewell.com/button-waist-wrap-midi-dress-L3329.html?dwvar_L3329_color=NA6259&cgid=apparel-dress&position=31&position=31&activeChunk=0,Dresses,,,
https://www.madewell.com/gingham-shirred-sleeve-wrap-dress-K9494.html?dwvar_K9494_color=WQ6475&cgid=apparel-dress&position=32&position=32&activeChunk=0,Dresses,,,
https://www.madewell.com/tank-button-front-midi-dress-in-rainbow-check-L3405.html?dwvar_L3405_color=WQ6513&cgid=apparel-dress&position=33&position=33&activeChunk=0,Dresses,,,
https://www.madewell.com/whitreg%3B-striped-orly-dress-L9726.html?dwvar_L9726_color=EB3445&cgid=apparel-dress&position=34&position=34&activeChunk=0,Dresses,,,
https://www.madewell.com/linen-button-waist-wide-leg-jumpsuit-L3469.html?dwvar_L3469_color=GR6665&cgid=apparel-dress&position=35&position=35&activeChunk=0,Dresses,,,
https://www.madewell.com/linen-button-wrap-romper-in-stripe-L3445.html?dwvar_L3445_color=WQ6514&cgid=apparel-dress&position=0&position=0&activeChunk=1,Dresses,,,
https://www.madewell.com/chambray-tank-button-front-midi-dress-L3316.html?dwvar_L3316_color=BL7072&cgid=apparel-dress&position=1&position=1&activeChunk=1,Dresses,,,
https://www.madewell.com/texture-amp%3B-thread-smocked-dress-L3462.html?dwvar_L3462_color=GR6631&cgid=apparel-dress&position=2&position=2&activeChunk=1,Dresses,,,
https://www.madewell.com/linen-fitted-bodice-midi-dress-in-rainbow-stripe-L3446.html?dwvar_L3446_color=WQ6514&cgid=apparel-dress&position=3&position=3&activeChunk=1,Dresses,,,
https://www.madewell.com/madewell-x-the-new-denim-projectreg%3B-stripe-mix-dress-K6620.html?dwvar_K6620_color=WX4147&cgid=apparel-dress&position=4&position=4&activeChunk=1,Dresses,,,
https://www.madewell.com/top-stitched-coverall-jumpsuit-L3295.html?dwvar_L3295_color=GR8185&cgid=apparel-dress&position=5&position=5&activeChunk=1,Dresses,,,
https://www.madewell.com/madewell-x-the-new-denim-projectreg%3B-patchwork-jumpsuit-K6637.html?dwvar_K6637_color=WX4150&cgid=apparel-dress&position=6&position=6&activeChunk=1,Dresses,,,
https://www.madewell.com/tee-dress-L3322.html?dwvar_L3322_color=PK6552&cgid=apparel-dress&position=7&position=7&activeChunk=1,Dresses,,,
https://www.madewell.com/midi-tee-dress-H8621.html?dwvar_H8621_color=GY6232&cgid=apparel-dress&position=8&position=8&activeChunk=1,Dresses,,,
https://www.madewell.com/texture-amp%3B-thread-apron-bow-back-jumpsuit-L2412.html?dwvar_L2412_color=RD6238&cgid=apparel-dress&position=9&position=9&activeChunk=1,Dresses,,,
https://www.madewell.com/tee-dress-in-epperson-stripe-L3321.html?dwvar_L3321_color=KA6926&cgid=apparel-dress&position=10&position=10&activeChunk=1,Dresses,,,
https://www.madewell.com/tee-dress-in-alchester-stripe-L3320.html?dwvar_L3320_color=KA5142&cgid=apparel-dress&position=11&position=11&activeChunk=1,Dresses,,,
https://www.madewell.com/flutter-sleeve-midi-dress-in-windowbox-floral-L3442.html?dwvar_L3442_color=WQ6393&cgid=apparel-dress&position=12&position=12&activeChunk=1,Dresses,,,
https://www.madewell.com/courier-shirtdress-in-stripe-L3317.html?dwvar_L3317_color=WQ6491&cgid=apparel-dress&position=13&position=13&activeChunk=1,Dresses,,,
https://www.madewell.com/heather-button-front-dress-in-ikat-floral-L3311.html?dwvar_L3311_color=WQ6405&cgid=apparel-dress&position=14&position=14&activeChunk=1,Dresses,,,
https://www.madewell.com/shimmer-plaid-mini-dress-L3443.html?dwvar_L3443_color=WQ6449&cgid=apparel-dress&position=15&position=15&activeChunk=1,Dresses,,,
https://www.madewell.com/apron-bow-back-jumpsuit-in-windowbox-floral-L3300.html?dwvar_L3300_color=WQ6392&cgid=apparel-dress&position=16&position=16&activeChunk=1,Dresses,,,
https://www.madewell.com/apiece-aparttrade%3B-nueva-costa-floral-maxi-dress-L4591.html?dwvar_L4591_color=EB2601&cgid=apparel-dress&position=17&position=17&activeChunk=1,Dresses,,,
https://www.madewell.com/apiece-aparttrade%3B-sabine-floral-mini-dress-L4581.html?dwvar_L4581_color=EB2598&cgid=apparel-dress&position=18&position=18&activeChunk=1,Dresses,,,
https://www.madewell.com/apiece-aparttrade%3B-silk-sleeveless-isla-jumpsuit-in-stripes-L4583.html?dwvar_L4583_color=EB2599&cgid=apparel-dress&position=19&position=19&activeChunk=1,Dresses,,,
https://www.madewell.com/apiece-aparttrade%3B-ostrea-floral-tank-jumpsuit-L4582.html?dwvar_L4582_color=EB2598&cgid=apparel-dress&position=20&position=20&activeChunk=1,Dresses,,,
https://www.madewell.com/apiece-aparttrade%3B-mariol-denim-romper-L4584.html?dwvar_L4584_color=EB2600&cgid=apparel-dress&position=21&position=21&activeChunk=1,Dresses,,,
https://www.madewell.com/apiece-aparttrade%3B-gypsea-tank-jumpsuit-in-metallic-stripes-L4593.html?dwvar_L4593_color=EB2603&cgid=apparel-dress&position=22&position=22&activeChunk=1,Dresses,,,
https://www.madewell.com/scalloped-eyelet-midi-dress-L2364.html?dwvar_L2364_color=YL5997&cgid=apparel-dress&position=23&position=23&activeChunk=1,Dresses,,,
https://www.madewell.com/ruffle-wrap-dress-in-windowbox-floral-L3292.html?dwvar_L3292_color=WQ6394&cgid=apparel-dress&position=24&position=24&activeChunk=1,Dresses,,,
https://www.madewell.com/denim-waisted-shirtdress-in-penview-wash-K9442.html?dwvar_K9442_color=DM2911&cgid=apparel-dress&position=25&position=25&activeChunk=1,Dresses,,,
https://www.madewell.com/ruffle-strap-wrap-dress-in-metallic-striped-prairie-posies-L2406.html?dwvar_L2406_color=WQ6386&cgid=apparel-dress&position=26&position=26&activeChunk=1,Dresses,,,
https://www.madewell.com/ruched-wide-leg-jumpsuit-in-prairie-posies-L2400.html?dwvar_L2400_color=WQ6386&cgid=apparel-dress&position=27&position=27&activeChunk=1,Dresses,,,
https://www.madewell.com/heather-button-front-dress-J2211.html?dwvar_J2211_color=PK6552&cgid=apparel-dress&position=28&position=28&activeChunk=1,Dresses,,,
https://www.madewell.com/striped-scoop-back-dress-L3298.html?dwvar_L3298_color=KA5090&cgid=apparel-dress&position=29&position=29&activeChunk=1,Dresses,,,
https://www.madewell.com/ruffle-strap-wrap-dress-L2484.html?dwvar_L2484_color=BK5229&cgid=apparel-dress&position=30&position=30&activeChunk=1,Dresses,,,
https://www.madewell.com/denim-button-front-tank-dress-K9493.html?dwvar_K9493_color=DM2862&cgid=apparel-dress&position=31&position=31&activeChunk=1,Dresses,,,
https://www.madewell.com/silk-cami-slip-dress-in-star-shower-L2413.html?dwvar_L2413_color=WQ6401&cgid=apparel-dress&position=32&position=32&activeChunk=1,Dresses,,,
https://www.madewell.com/ruched-wide-leg-jumpsuit-L2402.html?dwvar_L2402_color=BK5229&cgid=apparel-dress&position=33&position=33&activeChunk=1,Dresses,,,
https://www.madewell.com/tie-back-cami-dress-L2411.html?dwvar_L2411_color=BL6537&cgid=apparel-dress&position=34&position=34&activeChunk=1,Dresses,,,
https://www.madewell.com/ruffle-strap-wrap-dress-in-inkspot-dots-L2404.html?dwvar_L2404_color=WQ6387&cgid=apparel-dress&position=35&position=35&activeChunk=1,Dresses,,,
https://www.madewell.com/denim-structured-shirtdress-K9315.html?dwvar_K9315_color=DM2884&cgid=apparel-dress&position=0&position=0&activeChunk=2,Dresses,,,
https://www.madewell.com/denim-overall-mini-dress-K9316.html?dwvar_K9316_color=DM3030&cgid=apparel-dress&position=1&position=1&activeChunk=2,Dresses,,,
https://www.madewell.com/loop-trim-mini-dress-in-windowbox-floral-L2498.html?dwvar_L2498_color=WQ6390&cgid=apparel-dress&position=2&position=2&activeChunk=2,Dresses,,,
https://www.madewell.com/silk-tie-back-slip-dress-L2415.html?dwvar_L2415_color=BL7634&cgid=apparel-dress&position=3&position=3&activeChunk=2,Dresses,,,
https://www.madewell.com/denim-waisted-shirtdress-in-lunar-wash-K9313.html?dwvar_K9313_color=DM0682&cgid=apparel-dress&position=4&position=4&activeChunk=2,Dresses,,,
https://www.madewell.com/halter-midi-dress-in-hillside-daisies-L2409.html?dwvar_L2409_color=WQ6383&cgid=apparel-dress&position=5&position=5&activeChunk=2,Dresses,,,
https://www.madewell.com/coverall-jumpsuit-G2039.html?dwvar_G2039_color=PR6449&cgid=apparel-dress&position=6&position=6&activeChunk=2,Dresses,,,
https://www.madewell.com/wrap-front-maxi-dress-in-french-floral-L1940.html?dwvar_L1940_color=WQ6373&cgid=apparel-dress&position=7&position=7&activeChunk=2,Dresses,,,
https://www.madewell.com/tie-back-slip-dress-in-prairie-posies-L2417.html?dwvar_L2417_color=WQ6384&cgid=apparel-dress&position=8&position=8&activeChunk=2,Dresses,,,
https://www.madewell.com/ruched-wide-leg-jumpsuit-L1937.html?dwvar_L1937_color=WQ6946&cgid=apparel-dress&position=9&position=9&activeChunk=2,Dresses,,,
https://www.madewell.com/bubble-sleeve-sweatshirt-dress-L1929.html?dwvar_L1929_color=GY0041&cgid=apparel-dress&position=10&position=10&activeChunk=2,Dresses,,,
https://www.madewell.com/peekaboo-sleeve-midi-dress-in-hillside-daisies-L2398.html?dwvar_L2398_color=WQ6382&cgid=apparel-dress&position=11&position=11&activeChunk=2,Dresses,,,
https://www.madewell.com/madewell-x-iskotrade%3B-pieced-denim-jumpsuit-K9489.html?dwvar_K9489_color=DM2823&cgid=apparel-dress&position=12&position=12&activeChunk=2,Dresses,,,
https://www.madewell.com/smocked-waist-mini-dress-in-inkspot-dots-L3392.html?dwvar_L3392_color=WQ6946&cgid=apparel-dress&position=13&position=13&activeChunk=2,Dresses,,,
https://www.madewell.com/texture-amp%3B-thread-short-sleeve-side-tie-dress-L1490.html?dwvar_L1490_color=BR6141&cgid=apparel-dress&position=14&position=14&activeChunk=2,Dresses,,,
https://www.madewell.com/tall-button-front-wide-leg-jumpsuit-L0403.html?dwvar_L0403_color=BL7634&cgid=apparel-dress&position=15&position=15&activeChunk=2,Dresses,,,
https://www.madewell.com/velvet-side-tie-dress-K4568.html?dwvar_K4568_color=RD5466&cgid=apparel-dress&position=16&position=16&activeChunk=2,Dresses,,,
https://www.madewell.com/bell-sleeve-turtleneck-sweater-dress-in-nautical-stripe-K6076.html?dwvar_K6076_color=SU1761&cgid=apparel-dress&position=17&position=17&activeChunk=2,Dresses,,,
https://www.madewell.com/bubble-sleeve-sweater-dress-K5381.html?dwvar_K5381_color=GY7230&cgid=apparel-dress&position=18&position=18&activeChunk=2,Dresses,,,
https://www.madewell.com/black-denim-shirtdress-H2278.html?dwvar_H2278_color=DM1910&cgid=apparel-dress&position=19&position=19&activeChunk=2,Dresses,,,
https://www.madewell.com/v-neck-jumpsuit-J8563.html?dwvar_J8563_color=BK5229&cgid=apparel-dress&position=20&position=20&activeChunk=2,Dresses,,,
https://www.madewell.com/velveteen-jumper-J9299.html?dwvar_J9299_color=BR5820&cgid=apparel-dress&position=21&position=21&activeChunk=2,Dresses,,,
https://www.madewell.com/madewell-x-karen-walkerreg%3B-silk-floral-rosalie-ruffled-dress-J9267.html?dwvar_J9267_color=WQ5276&cgid=apparel-dress&position=22&position=22&activeChunk=2,Dresses,,,
https://www.madewell.com/madewell-x-karen-walkerreg%3B-fathom-denim-off-the-shoulder-dress-J7822.html?dwvar_J7822_color=DM2367&cgid=apparel-dress&position=23&position=23&activeChunk=2,Dresses,,,
https://www.madewell.com/madewell-x-karen-walkerreg%3B-floral-fantasia-ruffled-dress-J8661.html?dwvar_J8661_color=WQ5274&cgid=apparel-dress&position=24&position=24&activeChunk=2,Dresses,,,
https://www.madewell.com/button-front-easy-dress-L1933.html?dwvar_L1933_color=RD6148&cgid=apparel-dress&position=25&position=25&activeChunk=2,Dresses,,,
https://www.madewell.com/thistle-cami-jumpsuit-K2539.html?dwvar_K2539_color=BK5229&cgid=apparel-dress&position=26&position=26&activeChunk=2,Dresses,,,
https://www.madewell.com/button-front-wide-leg-jumpsuit-in-playground-posies-L0318.html?dwvar_L0318_color=WQ6374&cgid=apparel-dress&position=27&position=27&activeChunk=2,Dresses,,,
https://www.madewell.com/velvet-balloon-sleeve-dress-K4333.html?dwvar_K4333_color=BR5820&cgid=apparel-dress&position=28&position=28&activeChunk=2,Dresses,,,
https://www.madewell.com/hazelwood-wrap-front-mini-dress-in-windswept-floral-K6049.html?dwvar_K6049_color=WQ5932&cgid=apparel-dress&position=29&position=29&activeChunk=2,Dresses,,,
https://www.madewell.com/texture-amp%3B-thread-short-sleeve-wrap-jumpsuit-L1930.html?dwvar_L1930_color=PK6552&cgid=apparel-dress&position=30&position=30&activeChunk=2,Dresses,,,
https://www.madewell.com/ribbed-bubble-sleeve-dress-L1760.html?dwvar_L1760_color=KA5438&cgid=apparel-dress&position=31&position=31&activeChunk=2,Dresses,,,
https://www.madewell.com/pocket-tee-dress-H9356.html?dwvar_H9356_color=BL6537&cgid=apparel-dress&position=32&position=32&activeChunk=2,Dresses,,,
https://www.madewell.com/willowleaf-tie-sleeve-maxi-dress-in-winter-orchid-K2480.html?dwvar_K2480_color=WQ5940&cgid=apparel-dress&position=33&position=33&activeChunk=2,Dresses,,,
https://www.madewell.com/boatneck-button-shoulder-sweater-dress-J9302.html?dwvar_J9302_color=GY7343&cgid=apparel-dress&position=34&position=34&activeChunk=2,Dresses,,,
https://www.madewell.com/velvet-wrap-dress-K6073.html?dwvar_K6073_color=GY6104&cgid=apparel-dress&position=35&position=35&activeChunk=2,Dresses,,,
https://www.madewell.com/aceamp%3Bjigtrade%3B-striped-stella-jumpsuit-K1158.html?dwvar_K1158_color=EG9852&cgid=apparel-dress&position=0&position=0&activeChunk=3,Dresses,,,
https://www.madewell.com/denim-puff-sleeve-jumpsuit-K9486.html?dwvar_K9486_color=DM2869&cgid=apparel-dress&position=1&position=1&activeChunk=3,Dresses,,,
https://www.madewell.com/apiece-aparttrade%3B-archer-backless-jumpsuit-J0465.html?dwvar_J0465_color=EG7416&cgid=apparel-dress&position=2&position=2&activeChunk=3,Dresses,,,
https://www.madewell.com/velvet-thistle-cami-jumpsuit-in-petite-blooms-K4830.html?dwvar_K4830_color=WQ5934&cgid=apparel-dress&position=3&position=3&activeChunk=3,Dresses,,,
https://www.madewell.com/tulip-sleeve-maxi-dress-in-sweet-blossoms-J8523.html?dwvar_J8523_color=WQ4920&cgid=apparel-dress&position=4&position=4&activeChunk=3,Dresses,,,
https://www.madewell.com/tie-sleeve-jumpsuit-in-winter-orchid-K6022.html?dwvar_K6022_color=WQ5939&cgid=apparel-dress&position=5&position=5&activeChunk=3,Dresses,,,
https://www.madewell.com/halter-tie-back-maxi-dress-in-twisted-vines-J3268.html?dwvar_J3268_color=WQ5492&cgid=apparel-dress&position=6&position=6&activeChunk=3,Dresses,,,
https://www.madewell.com/smocked-button-front-crop-jumpsuit-J3261.html?dwvar_J3261_color=BL6537&cgid=apparel-dress&position=7&position=7&activeChunk=3,Dresses,,,
https://www.madewell.com/square-neck-dress-in-patchwork-quilt-L3335.html?dwvar_L3335_color=WQ6530&cgid=apparel-dress&position=8&position=8&activeChunk=3,Dresses,,,
https://www.madewell.com/tribe-alivetrade%3B-mod-mini-tunic-dress-M0698.html?dwvar_M0698_color=EC7246&cgid=apparel-dress&position=9&position=9&activeChunk=3,Dresses,,,
https://www.madewell.com/tribe-alivetrade%3B-jumper-jumpsuit-M0697.html?dwvar_M0697_color=EC7246&cgid=apparel-dress&position=10&position=10&activeChunk=3,Dresses,,,
https://www.madewell.com/robe-jacket-in-ikat-floral-L3356.html?dwvar_L3356_color=WQ6406&cgid=apparel-jacketscoats&position=0&position=0&activeChunk=0,Outerwear,,,
https://www.madewell.com/the-jean-jacket-in-pinter-wash-F0370.html?dwvar_F0370_color=DM1310&cgid=apparel-jacketscoats&position=1&position=1&activeChunk=0,Outerwear,,,
https://www.madewell.com/washed-leather-motorcycle-jacket-E0488.html?dwvar_E0488_color=BK5229&cgid=apparel-jacketscoats&position=2&position=2&activeChunk=0,Outerwear,,,
https://www.madewell.com/denim-southlake-military-jacket-K9755.html?dwvar_K9755_color=DM2863&cgid=apparel-jacketscoats&position=3&position=3&activeChunk=0,Outerwear,,,
https://www.madewell.com/southlake-military-jacket-H8497.html?dwvar_H8497_color=BR6523&cgid=apparel-jacketscoats&position=4&position=4&activeChunk=0,Outerwear,,,
https://www.madewell.com/passage-jacket-L2512.html?dwvar_L2512_color=GR6195&cgid=apparel-jacketscoats&position=5&position=5&activeChunk=0,Outerwear,,,
https://www.madewell.com/ultimate-leather-motorcycle-jacket-K1086.html?dwvar_K1086_color=BK5229&cgid=apparel-jacketscoats&position=6&position=6&activeChunk=0,Outerwear,,,
https://www.madewell.com/the-oversized-jean-jacket-in-capstone-wash-G5117.html?dwvar_G5117_color=DM1695&cgid=apparel-jacketscoats&position=7&position=7&activeChunk=0,Outerwear,,,
https://www.madewell.com/anorak-raincoat-L2511.html?dwvar_L2511_color=PK5265&cgid=apparel-jacketscoats&position=8&position=8&activeChunk=0,Outerwear,,,
https://www.madewell.com/robe-jacket-in-stripe-L3357.html?dwvar_L3357_color=WX3794&cgid=apparel-jacketscoats&position=9&position=9&activeChunk=0,Outerwear,,,
https://www.madewell.com/the-oversized-jean-jacket-in-lunar-wash-G7501.html?dwvar_G7501_color=DM0682&cgid=apparel-jacketscoats&position=10&position=10&activeChunk=0,Outerwear,,,
https://www.madewell.com/cropped-chore-jacket-L6738.html?dwvar_L6738_color=NA6011&cgid=apparel-jacketscoats&position=11&position=11&activeChunk=0,Outerwear,,,
https://www.madewell.com/madewell-x-crewcuts-kids%27-floral-embroidered-jean-jacket-K9853.html?dwvar_K9853_color=DM2962&cgid=apparel-jacketscoats&position=12&position=12&activeChunk=0,Outerwear,,,
https://www.madewell.com/madewell-x-the-new-denim-projectreg%3B-patchwork-wrap-jacket-K6697.html?dwvar_K6697_color=WX4147&cgid=apparel-jacketscoats&position=13&position=13&activeChunk=0,Outerwear,,,
https://www.madewell.com/madewell-x-the-new-denim-projectreg%3B-patchwork-popover-hoodie-K6696.html?dwvar_K6696_color=WX4150&cgid=apparel-jacketscoats&position=14&position=14&activeChunk=0,Outerwear,,,
https://www.madewell.com/embroidered-denim-chore-coat-K9721.html?dwvar_K9721_color=DM2921&cgid=apparel-jacketscoats&position=15&position=15&activeChunk=0,Outerwear,,,
https://www.madewell.com/translucent-anorak-raincoat-L3775.html?dwvar_L3775_color=WX3783&cgid=apparel-jacketscoats&position=16&position=16&activeChunk=0,Outerwear,,,
https://www.madewell.com/wranglerreg%3B-icons-jean-jacket-L0750.html?dwvar_L0750_color=EB2004&cgid=apparel-jacketscoats&position=17&position=17&activeChunk=0,Outerwear,,,
https://www.madewell.com/madewell-x-iskotrade%3B-reconstructed-jean-jacket-K9720.html?dwvar_K9720_color=DM2804&cgid=apparel-jacketscoats&position=18&position=18&activeChunk=0,Outerwear,,,
https://www.madewell.com/the-stretch-jean-jacket-eco-edition-K6099.html?dwvar_K6099_color=DM2728&cgid=apparel-jacketscoats&position=19&position=19&activeChunk=0,Outerwear,,,
https://www.madewell.com/texture-amp%3B-thread-wrap-jacket-L0683.html?dwvar_L0683_color=GR6631&cgid=apparel-jacketscoats&position=20&position=20&activeChunk=0,Outerwear,,,
https://www.madewell.com/embroidered-passage-jacket-L1825.html?dwvar_L1825_color=NA7057&cgid=apparel-jacketscoats&position=21&position=21&activeChunk=0,Outerwear,,,
https://www.madewell.com/the-raglan-oversized-jean-jacket-in-bristol-wash-K9753.html?dwvar_K9753_color=DM3027&cgid=apparel-jacketscoats&position=22&position=22&activeChunk=0,Outerwear,,,
https://www.madewell.com/the-raglan-oversized-jean-jacket-in-dusty-rose-K9754.html?dwvar_K9754_color=PK5838&cgid=apparel-jacketscoats&position=23&position=23&activeChunk=0,Outerwear,,,
https://www.madewell.com/sherpa-varsity-bomber-jacket-K2267.html?dwvar_K2267_color=NA6817&cgid=apparel-jacketscoats&position=24&position=24&activeChunk=0,Outerwear,,,
https://www.madewell.com/adidasreg%3B-originals-sst-track-top-K4832.html?dwvar_K4832_color=KA6022&cgid=apparel-jacketscoats&position=25&position=25&activeChunk=0,Outerwear,,,
https://www.madewell.com/polartecreg%3B-fleece-popover-jacket-K1507.html?dwvar_K1507_color=PR5949&cgid=apparel-jacketscoats&position=26&position=26&activeChunk=0,Outerwear,,,
https://www.madewell.com/shawl-collar-wrap-coat-K0108.html?dwvar_K0108_color=BL8324&cgid=apparel-jacketscoats&position=27&position=27&activeChunk=0,Outerwear,,,
https://www.madewell.com/the-boxy-crop-jean-jacket-in-woodcourt-wash-H6494.html?dwvar_H6494_color=DM1961&cgid=apparel-jacketscoats&position=28&position=28&activeChunk=0,Outerwear,,,
https://www.madewell.com/washed-leather-trucker-jacket-K0696.html?dwvar_K0696_color=BK5229&cgid=apparel-jacketscoats&position=29&position=29&activeChunk=0,Outerwear,,,
https://www.madewell.com/sess%EF%BF%BDntrade%3B-audrey-coat-K0593.html?dwvar_K0593_color=EG9706&cgid=apparel-jacketscoats&position=30&position=30&activeChunk=0,Outerwear,,,
https://www.madewell.com/sess%EF%BF%BDntrade%3B-corduroy-ginetta-jacket-K0595.html?dwvar_K0595_color=EG9715&cgid=apparel-jacketscoats&position=31&position=31&activeChunk=0,Outerwear,,,
https://www.madewell.com/whitreg%3B-denim-wrap-jacket-K0789.html?dwvar_K0789_color=EG9756&cgid=apparel-jacketscoats&position=32&position=32&activeChunk=0,Outerwear,,,
https://www.madewell.com/selvedge-denim-chore-coat-K1596.html?dwvar_K1596_color=DM2098&cgid=apparel-jacketscoats&position=33&position=33&activeChunk=0,Outerwear,,,
https://www.madewell.com/aceamp%3Bjigtrade%3B-striped-genevieve-cardi-jacket-K1174.html?dwvar_K1174_color=EG9849&cgid=apparel-jacketscoats&position=34&position=34&activeChunk=0,Outerwear,,,
https://www.madewell.com/madewell-x-karen-walkerreg%3B-muster-denim-jacket-J8017.html?dwvar_J8017_color=DM2367&cgid=apparel-jacketscoats&position=35&position=35&activeChunk=0,Outerwear,,,
https://www.madewell.com/surplus-jacket-H4087.html?dwvar_H4087_color=GR8189&cgid=apparel-jacketscoats&position=0&position=0&activeChunk=1,Outerwear,,,
https://www.madewell.com/hollis-double-breasted-coat-J8687.html?dwvar_J8687_color=BR6817&cgid=apparel-jacketscoats&position=1&position=1&activeChunk=1,Outerwear,,,
https://www.madewell.com/the-jean-jacket-in-briarwood-wash-H8341.html?dwvar_H8341_color=DM2020&cgid=apparel-jacketscoats&position=2&position=2&activeChunk=1,Outerwear,,,
https://www.madewell.com/fleet-jacket-C3394.html?dwvar_C3394_color=GR6195&cgid=apparel-jacketscoats&position=3&position=3&activeChunk=1,Outerwear,,,
https://www.madewell.com/madewell-x-penfieldreg%3B-haight-fleece-jacket-K1320.html?dwvar_K1320_color=EG9867&cgid=apparel-jacketscoats&position=4&position=4&activeChunk=1,Outerwear,,,
https://www.madewell.com/travel-buddy-packable-puffer-jacket-K2485.html?dwvar_K2485_color=BK5229&cgid=apparel-jacketscoats&position=5&position=5&activeChunk=1,Outerwear,,,
https://www.madewell.com/the-shrunken-stretch-jean-jacket-G9594.html?dwvar_G9594_color=DM1810&cgid=apparel-jacketscoats&position=6&position=6&activeChunk=1,Outerwear,,,
https://www.madewell.com/hollis-double-breasted-coat-in-stripe-J8780.html?dwvar_J8780_color=WQ5089&cgid=apparel-jacketscoats&position=7&position=7&activeChunk=1,Outerwear,,,
https://www.madewell.com/denim-duster-coat-F5349.html?dwvar_F5349_color=DM1451&cgid=apparel-jacketscoats&position=8&position=8&activeChunk=1,Outerwear,,,
https://www.madewell.com/sherpa-bonded-denim-cocoon-coat-K2617.html?dwvar_K2617_color=DM2724&cgid=apparel-jacketscoats&position=9&position=9&activeChunk=1,Outerwear,,,
https://www.madewell.com/unisex-rainsreg%3B-rain-jacket-K2888.html?dwvar_K2888_color=YL0022&cgid=apparel-jacketscoats&position=10&position=10&activeChunk=1,Outerwear,,,
https://www.madewell.com/the-chain-crossbody-bag-confetti-floral-edition-L2838.html?dwvar_L2838_color=EG9846&cgid=accessories-bags&position=0&position=0&activeChunk=0,Accessories,,,
https://www.madewell.com/the-westport-crossbody-bag-L1758.html?dwvar_L1758_size=ONE%20S&dwvar_L1758_color=BK5229&cgid=accessories-bags&position=1&position=1&activeChunk=0,Accessories,,,
https://www.madewell.com/the-westport-crossbody-bag-L1758.html?dwvar_L1758_size=ONE%20S&dwvar_L1758_color=BR5499&cgid=accessories-bags&position=2&position=2&activeChunk=0,Accessories,,,
https://www.madewell.com/the-westport-crossbody-bag-L1758.html?dwvar_L1758_size=ONE%20S&dwvar_L1758_color=RD6395&cgid=accessories-bags&position=3&position=3&activeChunk=0,Accessories,,,
https://www.madewell.com/the-westport-saddlebag-L1786.html?dwvar_L1786_size=ONE%20S&dwvar_L1786_color=BK5229&cgid=accessories-bags&position=4&position=4&activeChunk=0,Accessories,,,
https://www.madewell.com/the-westport-tote-L1756.html?dwvar_L1756_size=ONE%20S&dwvar_L1756_color=BR5499&cgid=accessories-bags&position=5&position=5&activeChunk=0,Accessories,,,
https://www.madewell.com/the-westport-tote-L1756.html?dwvar_L1756_size=ONE%20S&dwvar_L1756_color=BK5229&cgid=accessories-bags&position=6&position=6&activeChunk=0,Accessories,,,
https://www.madewell.com/topo-designsreg%3B-daypack-L1089.html?dwvar_L1089_size=ONE%20S&dwvar_L1089_color=EB2078&cgid=accessories-bags&position=7&position=7&activeChunk=0,Accessories,,,
https://www.madewell.com/topo-designsreg%3B-daypack-L1089.html?dwvar_L1089_size=ONE%20S&dwvar_L1089_color=EB2081&cgid=accessories-bags&position=8&position=8&activeChunk=0,Accessories,,,
https://www.madewell.com/madewell-x-topo-designsreg%3B-belt-bag-L1113.html?dwvar_L1113_size=ONE%20S&dwvar_L1113_color=EB2079&cgid=accessories-bags&position=9&position=9&activeChunk=0,Accessories,,,
https://www.madewell.com/madewell-x-topo-designsreg%3B-belt-bag-L1113.html?dwvar_L1113_size=ONE%20S&dwvar_L1113_color=EB2082&cgid=accessories-bags&position=10&position=10&activeChunk=0,Accessories,,,
https://www.madewell.com/madewell-x-topo-designsreg%3B-belt-bag-L1113.html?dwvar_L1113_size=ONE%20S&dwvar_L1113_color=EB2083&cgid=accessories-bags&position=11&position=11&activeChunk=0,Accessories,,,
https://www.madewell.com/madewell-x-topo-designsreg%3B-light-pack-L1088.html?dwvar_L1088_color=EB2080&dwvar_L1088_size=ONE%20S&cgid=accessories-bags&position=12&position=12&activeChunk=0,Accessories,,,
https://www.madewell.com/madewell-x-topo-designsreg%3B-light-pack-L1088.html?dwvar_L1088_color=EB2079&dwvar_L1088_size=ONE%20S&cgid=accessories-bags&position=13&position=13&activeChunk=0,Accessories,,,
https://www.madewell.com/madewell-x-topo-designsreg%3B-light-pack-L1088.html?dwvar_L1088_color=EB2078&dwvar_L1088_size=ONE%20S&cgid=accessories-bags&position=14&position=14&activeChunk=0,Accessories,,,
https://www.madewell.com/topo-designsreg%3B-travel-kit-L1114.html?dwvar_L1114_color=EB2084&dwvar_L1114_size=ONE%20S&cgid=accessories-bags&position=15&position=15&activeChunk=0,Accessories,,,
https://www.madewell.com/topo-designsreg%3B-travel-kit-L1114.html?dwvar_L1114_color=EB2078&dwvar_L1114_size=ONE%20S&cgid=accessories-bags&position=16&position=16&activeChunk=0,Accessories,,,
https://www.madewell.com/the-essential-weekender-bag-L4357.html?dwvar_L4357_color=BR5188&dwvar_L4357_size=ONE%20S&cgid=accessories-bags&position=17&position=17&activeChunk=0,Accessories,,,
https://www.madewell.com/the-essential-weekender-bag-L4357.html?dwvar_L4357_color=BL6928&dwvar_L4357_size=ONE%20S&cgid=accessories-bags&position=18&position=18&activeChunk=0,Accessories,,,
https://www.madewell.com/the-essential-weekender-bag-L4357.html?dwvar_L4357_color=GR6682&dwvar_L4357_size=ONE%20S&cgid=accessories-bags&position=19&position=19&activeChunk=0,Accessories,,,
https://www.madewell.com/the-essential-overnight-bag-in-canvas-L4358.html?dwvar_L4358_size=ONE%20S&dwvar_L4358_color=BL6928&cgid=accessories-bags&position=20&position=20&activeChunk=0,Accessories,,,
https://www.madewell.com/the-essential-overnight-bag-in-canvas-L4358.html?dwvar_L4358_size=ONE%20S&dwvar_L4358_color=GR6682&cgid=accessories-bags&position=21&position=21&activeChunk=0,Accessories,,,
https://www.madewell.com/the-essential-overnight-bag-in-canvas-L4358.html?dwvar_L4358_size=ONE%20S&dwvar_L4358_color=BR5188&cgid=accessories-bags&position=22&position=22&activeChunk=0,Accessories,,,
https://www.madewell.com/the-essential-overnight-bag-in-leather-L4359.html?dwvar_L4359_color=BR6755&dwvar_L4359_size=ONE%20S&cgid=accessories-bags&position=23&position=23&activeChunk=0,Accessories,,,
https://www.madewell.com/the-abroad-shoulder-bag-L4913.html?dwvar_L4913_size=ONE%20S&dwvar_L4913_color=BK5229&cgid=accessories-bags&position=24&position=24&activeChunk=0,Accessories,,,
https://www.madewell.com/the-abroad-shoulder-bag-L4913.html?dwvar_L4913_size=ONE%20S&dwvar_L4913_color=NA7207&cgid=accessories-bags&position=25&position=25&activeChunk=0,Accessories,,,
https://www.madewell.com/the-abroad-shoulder-bag-L4913.html?dwvar_L4913_size=ONE%20S&dwvar_L4913_color=OR6146&cgid=accessories-bags&position=26&position=26&activeChunk=0,Accessories,,,
https://www.madewell.com/the-abroad-tote-bag-L4915.html?dwvar_L4915_color=BK5229&dwvar_L4915_size=ONE%20S&cgid=accessories-bags&position=27&position=27&activeChunk=0,Accessories,,,
https://www.madewell.com/the-abroad-tote-bag-L4915.html?dwvar_L4915_color=NA7207&dwvar_L4915_size=ONE%20S&cgid=accessories-bags&position=28&position=28&activeChunk=0,Accessories,,,
https://www.madewell.com/the-abroad-tote-bag-L4915.html?dwvar_L4915_color=GR6755&dwvar_L4915_size=ONE%20S&cgid=accessories-bags&position=29&position=29&activeChunk=0,Accessories,,,
https://www.madewell.com/the-mini-abroad-crossbody-bag-L4914.html?dwvar_L4914_color=OR6146&dwvar_L4914_size=ONE%20S&cgid=accessories-bags&position=30&position=30&activeChunk=0,Accessories,,,
https://www.madewell.com/the-mini-abroad-crossbody-bag-L4914.html?dwvar_L4914_color=NA7207&dwvar_L4914_size=ONE%20S&cgid=accessories-bags&position=31&position=31&activeChunk=0,Accessories,,,
https://www.madewell.com/the-mini-abroad-crossbody-bag-L4914.html?dwvar_L4914_color=BK5229&dwvar_L4914_size=ONE%20S&cgid=accessories-bags&position=32&position=32&activeChunk=0,Accessories,,,
https://www.madewell.com/the-leather-sling-bag-L3031.html?dwvar_L3031_size=ONE%20S&dwvar_L3031_color=BR6755&cgid=accessories-bags&position=33&position=33&activeChunk=0,Accessories,,,
https://www.madewell.com/the-leather-sling-bag-L3031.html?dwvar_L3031_size=ONE%20S&dwvar_L3031_color=BK5229&cgid=accessories-bags&position=34&position=34&activeChunk=0,Accessories,,,
https://www.madewell.com/the-transport-crossbody-basketweave-edition-J2350.html?dwvar_J2350_color=BR6755&cgid=accessories-bags&position=35&position=35&activeChunk=0,Accessories,,,
https://www.madewell.com/the-medium-transport-tote-F5788.html?dwvar_F5788_size=ONE%20S&dwvar_F5788_color=BR6755&cgid=accessories-bags&position=0&position=0&activeChunk=1,Accessories,,,
https://www.madewell.com/the-medium-transport-tote-F5788.html?dwvar_F5788_size=ONE%20S&dwvar_F5788_color=PR6118&cgid=accessories-bags&position=1&position=1&activeChunk=1,Accessories,,,
https://www.madewell.com/the-medium-transport-tote-F5788.html?dwvar_F5788_size=ONE%20S&dwvar_F5788_color=BK5229&cgid=accessories-bags&position=2&position=2&activeChunk=1,Accessories,,,
https://www.madewell.com/the-medium-transport-tote-F5788.html?dwvar_F5788_size=ONE%20S&dwvar_F5788_color=NA7059&cgid=accessories-bags&position=3&position=3&activeChunk=1,Accessories,,,
https://www.madewell.com/the-canvas-transport-tote-in-windowpane-J8745.html?dwvar_J8745_color=EB1041&dwvar_J8745_size=ONE%20S&cgid=accessories-bags&position=4&position=4&activeChunk=1,Accessories,,,
https://www.madewell.com/the-netting-tote-bag-in-rainbow-stripe-L1036.html?dwvar_L1036_color=EG9863&cgid=accessories-bags&position=5&position=5&activeChunk=1,Accessories,,,
https://www.madewell.com/the-slim-convertible-bag-rainbow-edition-L2925.html?dwvar_L2925_color=EB1825&cgid=accessories-bags&position=6&position=6&activeChunk=1,Accessories,,,
https://www.madewell.com/the-chain-crossbody-bag-G8082.html?dwvar_G8082_size=ONE%20S&dwvar_G8082_color=BR6755&cgid=accessories-bags&position=7&position=7&activeChunk=1,Accessories,,,
https://www.madewell.com/the-chain-crossbody-bag-G8082.html?dwvar_G8082_size=ONE%20S&dwvar_G8082_color=YL5597&cgid=accessories-bags&position=8&position=8&activeChunk=1,Accessories,,,
https://www.madewell.com/the-chain-crossbody-bag-G8082.html?dwvar_G8082_size=ONE%20S&dwvar_G8082_color=BK5229&cgid=accessories-bags&position=9&position=9&activeChunk=1,Accessories,,,
https://www.madewell.com/the-zip-top-transport-crossbody-J1951.html?dwvar_J1951_color=BR6755&dwvar_J1951_size=ONE%20S&cgid=accessories-bags&position=10&position=10&activeChunk=1,Accessories,,,
https://www.madewell.com/the-zip-top-transport-crossbody-J1951.html?dwvar_J1951_color=PR6118&dwvar_J1951_size=ONE%20S&cgid=accessories-bags&position=11&position=11&activeChunk=1,Accessories,,,
https://www.madewell.com/the-zip-top-transport-crossbody-J1951.html?dwvar_J1951_color=NA7059&dwvar_J1951_size=ONE%20S&cgid=accessories-bags&position=12&position=12&activeChunk=1,Accessories,,,
https://www.madewell.com/the-zip-top-transport-crossbody-J1951.html?dwvar_J1951_color=BK5229&dwvar_J1951_size=ONE%20S&cgid=accessories-bags&position=13&position=13&activeChunk=1,Accessories,,,
https://www.madewell.com/the-zip-top-transport-crossbody-J1951.html?dwvar_J1951_color=EG7427&dwvar_J1951_size=ONE%20S&cgid=accessories-bags&position=14&position=14&activeChunk=1,Accessories,,,
https://www.madewell.com/the-zip-top-transport-carryall-H2584.html?dwvar_H2584_size=ONE%20S&dwvar_H2584_color=BR6755&cgid=accessories-bags&position=15&position=15&activeChunk=1,Accessories,,,
https://www.madewell.com/the-zip-top-transport-carryall-H2584.html?dwvar_H2584_size=ONE%20S&dwvar_H2584_color=BK5229&cgid=accessories-bags&position=16&position=16&activeChunk=1,Accessories,,,
https://www.madewell.com/the-zip-top-transport-carryall-H2584.html?dwvar_H2584_size=ONE%20S&dwvar_H2584_color=EG7427&cgid=accessories-bags&position=17&position=17&activeChunk=1,Accessories,,,
https://www.madewell.com/the-zip-top-transport-carryall-H2584.html?dwvar_H2584_size=ONE%20S&dwvar_H2584_color=NA7059&cgid=accessories-bags&position=18&position=18&activeChunk=1,Accessories,,,
https://www.madewell.com/the-medium-transport-tote-in-nubuck-leather-rainbow-strap-edition-L3660.html?dwvar_L3660_color=OR5822&cgid=accessories-bags&position=19&position=19&activeChunk=1,Accessories,,,
https://www.madewell.com/the-zip-top-transport-crossbody-in-nubuck-leather-rainbow-strap-edition-L3661.html?dwvar_L3661_color=OR5822&cgid=accessories-bags&position=20&position=20&activeChunk=1,Accessories,,,
https://www.madewell.com/the-canvas-somerset-backpack-H6619.html?dwvar_H6619_color=BR5188&dwvar_H6619_size=ONE%20S&cgid=accessories-bags&position=21&position=21&activeChunk=1,Accessories,,,
https://www.madewell.com/the-canvas-somerset-backpack-H6619.html?dwvar_H6619_color=GR6682&dwvar_H6619_size=ONE%20S&cgid=accessories-bags&position=22&position=22&activeChunk=1,Accessories,,,
https://www.madewell.com/the-canvas-somerset-backpack-H6619.html?dwvar_H6619_color=BL6928&dwvar_H6619_size=ONE%20S&cgid=accessories-bags&position=23&position=23&activeChunk=1,Accessories,,,
https://www.madewell.com/the-canvas-somerset-backpack-H6619.html?dwvar_H6619_color=NA6148&dwvar_H6619_size=ONE%20S&cgid=accessories-bags&position=24&position=24&activeChunk=1,Accessories,,,
https://www.madewell.com/the-canvas-somerset-backpack-H6619.html?dwvar_H6619_color=PK5638&dwvar_H6619_size=ONE%20S&cgid=accessories-bags&position=25&position=25&activeChunk=1,Accessories,,,
https://www.madewell.com/the-canvas-medium-transport-tote-H6862.html?dwvar_H6862_color=PK5638&dwvar_H6862_size=ONE%20S&cgid=accessories-bags&position=26&position=26&activeChunk=1,Accessories,,,
https://www.madewell.com/the-canvas-medium-transport-tote-H6862.html?dwvar_H6862_color=NA6148&dwvar_H6862_size=ONE%20S&cgid=accessories-bags&position=27&position=27&activeChunk=1,Accessories,,,
https://www.madewell.com/the-canvas-medium-transport-tote-H6862.html?dwvar_H6862_color=BL6928&dwvar_H6862_size=ONE%20S&cgid=accessories-bags&position=28&position=28&activeChunk=1,Accessories,,,
https://www.madewell.com/the-canvas-medium-transport-tote-H6862.html?dwvar_H6862_color=GR6682&dwvar_H6862_size=ONE%20S&cgid=accessories-bags&position=29&position=29&activeChunk=1,Accessories,,,
https://www.madewell.com/the-canvas-medium-transport-tote-H6862.html?dwvar_H6862_color=BR5188&dwvar_H6862_size=ONE%20S&cgid=accessories-bags&position=30&position=30&activeChunk=1,Accessories,,,
https://www.madewell.com/the-transport-tote-F2359.html?dwvar_F2359_color=NA7059&cgid=accessories-bags&position=31&position=31&activeChunk=1,Accessories,,,
https://www.madewell.com/the-transport-tote-53228.html?dwvar_53228_color=BR6755&dwvar_53228_size=ONE%20S&cgid=accessories-bags&position=32&position=32&activeChunk=1,Accessories,,,
https://www.madewell.com/the-transport-tote-53228.html?dwvar_53228_color=BK5229&dwvar_53228_size=ONE%20S&cgid=accessories-bags&position=33&position=33&activeChunk=1,Accessories,,,
https://www.madewell.com/the-transport-tote-B2427.html?dwvar_B2427_color=BK5229&cgid=accessories-bags&position=34&position=34&activeChunk=1,Accessories,,,
https://www.madewell.com/the-small-transport-crossbody-G8078.html?dwvar_G8078_size=ONE%20S&dwvar_G8078_color=BK5229&cgid=accessories-bags&position=35&position=35&activeChunk=1,Accessories,,,
https://www.madewell.com/the-small-transport-crossbody-G8078.html?dwvar_G8078_size=ONE%20S&dwvar_G8078_color=BR6755&cgid=accessories-bags&position=0&position=0&activeChunk=2,Accessories,,,
https://www.madewell.com/the-charleston-backpack-J1689.html?dwvar_J1689_size=ONE%20S&dwvar_J1689_color=BL6928&cgid=accessories-bags&position=1&position=1&activeChunk=2,Accessories,,,
https://www.madewell.com/the-charleston-backpack-J1689.html?dwvar_J1689_size=ONE%20S&dwvar_J1689_color=BR5188&cgid=accessories-bags&position=2&position=2&activeChunk=2,Accessories,,,
https://www.madewell.com/the-charleston-backpack-J1689.html?dwvar_J1689_size=ONE%20S&dwvar_J1689_color=GR6682&cgid=accessories-bags&position=3&position=3&activeChunk=2,Accessories,,,
https://www.madewell.com/the-charleston-backpack-J1689.html?dwvar_J1689_size=ONE%20S&dwvar_J1689_color=PK5638&cgid=accessories-bags&position=4&position=4&activeChunk=2,Accessories,,,
https://www.madewell.com/the-charleston-backpack-J1689.html?dwvar_J1689_size=ONE%20S&dwvar_J1689_color=NA6148&cgid=accessories-bags&position=5&position=5&activeChunk=2,Accessories,,,
https://www.madewell.com/the-canvas-transport-tote-F9414.html?dwvar_F9414_size=ONE%20S&dwvar_F9414_color=BL6928&cgid=accessories-bags&position=6&position=6&activeChunk=2,Accessories,,,
https://www.madewell.com/the-canvas-transport-tote-F9414.html?dwvar_F9414_size=ONE%20S&dwvar_F9414_color=GR6682&cgid=accessories-bags&position=7&position=7&activeChunk=2,Accessories,,,
https://www.madewell.com/the-canvas-transport-tote-F9414.html?dwvar_F9414_size=ONE%20S&dwvar_F9414_color=BR5188&cgid=accessories-bags&position=8&position=8&activeChunk=2,Accessories,,,
https://www.madewell.com/large-tassel-zip-pouch-in-gingham-L3386.html?dwvar_L3386_color=EG9906&cgid=accessories-bags&position=9&position=9&activeChunk=2,Accessories,,,
https://www.madewell.com/the-simple-pouch-belt-bag-J8947.html?dwvar_J8947_size=XL&dwvar_J8947_color=BR6755&cgid=accessories-bags&position=10&position=10&activeChunk=2,Accessories,,,
https://www.madewell.com/the-simple-pouch-belt-bag-J8947.html?dwvar_J8947_size=L&dwvar_J8947_color=BK5229&cgid=accessories-bags&position=11&position=11&activeChunk=2,Accessories,,,
https://www.madewell.com/the-transport-weekender-B6772.html?dwvar_B6772_size=ONE%20S&dwvar_B6772_color=EF4932&cgid=accessories-bags&position=12&position=12&activeChunk=2,Accessories,,,
https://www.madewell.com/the-lorimer-backpack-G2015.html?dwvar_G2015_color=BK5229&cgid=accessories-bags&position=13&position=13&activeChunk=2,Accessories,,,
https://www.madewell.com/the-prague-satchel-G3028.html?dwvar_G3028_size=ONE%20S&dwvar_G3028_color=BK5229&cgid=accessories-bags&position=14&position=14&activeChunk=2,Accessories,,,
https://www.madewell.com/the-medium-drawstring-transport-tote-G8080.html?dwvar_G8080_size=ONE%20S&dwvar_G8080_color=BK5229&cgid=accessories-bags&position=15&position=15&activeChunk=2,Accessories,,,
https://www.madewell.com/the-prague-satchel-G3028.html?dwvar_G3028_size=ONE%20S&dwvar_G3028_color=BR6755&cgid=accessories-bags&position=16&position=16&activeChunk=2,Accessories,,,
https://www.madewell.com/the-simple-crossbody-bag-G0517.html?dwvar_G0517_color=BR6755&dwvar_G0517_size=ONE%20S&cgid=accessories-bags&position=17&position=17&activeChunk=2,Accessories,,,
https://www.madewell.com/the-drawstring-transport-tote-G8081.html?dwvar_G8081_color=BR6755&cgid=accessories-bags&position=18&position=18&activeChunk=2,Accessories,,,
https://www.madewell.com/faux-fur-half-moon-pouch-J6904.html?dwvar_J6904_color=EG9629&cgid=accessories-bags&position=19&position=19&activeChunk=2,Accessories,,,
https://www.madewell.com/the-transport-rucksack-C0930.html?dwvar_C0930_color=BK5229&dwvar_C0930_size=ONE%20S&cgid=accessories-bags&position=20&position=20&activeChunk=2,Accessories,,,
https://www.madewell.com/the-reusable-canvas-tote-E9493.html?dwvar_E9493_color=BK5229&cgid=accessories-bags&position=21&position=21&activeChunk=2,Accessories,,,
https://www.madewell.com/the-medium-drawstring-transport-tote-G8080.html?dwvar_G8080_size=ONE%20S&dwvar_G8080_color=BR6755&cgid=accessories-bags&position=22&position=22&activeChunk=2,Accessories,,,
https://www.madewell.com/the-leather-pouch-clutch-cactus-embossed-edition-H8820.html?dwvar_H8820_color=GR6182&cgid=accessories-bags&position=23&position=23&activeChunk=2,Accessories,,,
https://www.madewell.com/the-lorimer-mini-backpack-G2014.html?dwvar_G2014_size=ONE%20S&dwvar_G2014_color=BR6755&cgid=accessories-bags&position=24&position=24&activeChunk=2,Accessories,,,
https://www.madewell.com/the-reusable-canvas-tote-J2944.html?dwvar_J2944_color=EG5782&cgid=accessories-bags&position=25&position=25&activeChunk=2,Accessories,,,
https://www.madewell.com/the-front-door-key-fob-rainbow-striped-edition-L3126.html?dwvar_L3126_color=EG9845&cgid=accessories-bags&position=26&position=26&activeChunk=2,Accessories,,,
https://www.madewell.com/the-transport-rucksack-C0930.html?dwvar_C0930_color=BR6755&dwvar_C0930_size=ONE%20S&cgid=accessories-bags&position=27&position=27&activeChunk=2,Accessories,,,
https://www.madewell.com/large-crystalline-half-moon-pouch-in-confetti-floral-L3387.html?dwvar_L3387_color=WQ6407&cgid=accessories-bags&position=28&position=28&activeChunk=2,Accessories,,,
https://www.madewell.com/the-leather-passport-case-E5890.html?dwvar_E5890_size=ONE%20S&dwvar_E5890_color=RD5677&cgid=accessories-bags&position=29&position=29&activeChunk=2,Accessories,,,
https://www.madewell.com/folk-fortune-bali-rattan-top-lid-bag-J3638.html?dwvar_J3638_color=EG7358&cgid=accessories-bags&position=30&position=30&activeChunk=2,Accessories,,,
https://www.madewell.com/front-door-key-fob-H8489.html?dwvar_H8489_color=BK5229&dwvar_H8489_size=ONE%20S&cgid=accessories-bags&position=31&position=31&activeChunk=2,Accessories,,,
https://www.madewell.com/madewell-x-topo-designsreg%3B-rover-pack-L1090.html?dwvar_L1090_color=EB2079&cgid=accessories-bags&position=32&position=32&activeChunk=2,Accessories,,,
https://www.madewell.com/the-simple-half-moon-crossbody-bag-K5348.html?dwvar_K5348_color=PK5424&dwvar_K5348_size=ONE%20S&cgid=accessories-bags&position=33&position=33&activeChunk=2,Accessories,,,
https://www.madewell.com/the-slim-convertible-bag-J8800.html?dwvar_J8800_color=BR6755&dwvar_J8800_size=ONE%20S&cgid=accessories-bags&position=34&position=34&activeChunk=2,Accessories,,,
https://www.madewell.com/madewell-x-girls-inc.-women-graphic-reusable-canvas-tote-bag-L3640.html?dwvar_L3640_color=EB2178&cgid=accessories-bags&position=35&position=35&activeChunk=2,Accessories,,,
https://www.madewell.com/the-florence-drawstring-crossbody-bag-in-velvet-K4473.html?dwvar_K4473_color=PK6552&cgid=accessories-bags&position=0&position=0&activeChunk=3,Accessories,,,
https://www.madewell.com/folk-fortune-bali-rattan-roundie-bag-J3639.html?dwvar_J3639_color=EG7358&cgid=accessories-bags&position=1&position=1&activeChunk=3,Accessories,,,
https://www.madewell.com/the-leather-pouch-clutch-F6966.html?dwvar_F6966_color=BK5229&dwvar_F6966_size=ONE%20S&cgid=accessories-bags&position=2&position=2&activeChunk=3,Accessories,,,
https://www.madewell.com/the-small-drawstring-transport-crossbody-H2560.html?dwvar_H2560_color=BR6755&cgid=accessories-bags&position=3&position=3&activeChunk=3,Accessories,,,
https://www.madewell.com/the-leather-pouch-wallet-F6967.html?dwvar_F6967_color=BR6755&dwvar_F6967_size=ONE%20S&cgid=accessories-bags&position=4&position=4&activeChunk=3,Accessories,,,
https://www.madewell.com/the-post-wallet-J8797.html?dwvar_J8797_size=ONE%20S&dwvar_J8797_color=BK5229&cgid=accessories-bags&position=5&position=5&activeChunk=3,Accessories,,,
https://www.madewell.com/the-leather-pouch-wallet-in-glitter-K4671.html?dwvar_K4671_color=EG8427&cgid=accessories-bags&position=6&position=6&activeChunk=3,Accessories,,,
https://www.madewell.com/the-simple-crossbody-bag-G0517.html?dwvar_G0517_color=YL5597&dwvar_G0517_size=ONE%20S&cgid=accessories-bags&position=7&position=7&activeChunk=3,Accessories,,,
https://www.madewell.com/the-simple-crossbody-bag-G0517.html?dwvar_G0517_color=BK5229&dwvar_G0517_size=ONE%20S&cgid=accessories-bags&position=8&position=8&activeChunk=3,Accessories,,,
https://www.madewell.com/the-leather-pouch-wallet-F6967.html?dwvar_F6967_color=BK5229&dwvar_F6967_size=ONE%20S&cgid=accessories-bags&position=9&position=9&activeChunk=3,Accessories,,,
https://www.madewell.com/front-door-key-fob-H8489.html?dwvar_H8489_color=BR6755&dwvar_H8489_size=ONE%20S&cgid=accessories-bags&position=10&position=10&activeChunk=3,Accessories,,,
https://www.madewell.com/the-post-billfold-wallet-L2855.html?dwvar_L2855_color=BK5229&cgid=accessories-bags&position=11&position=11&activeChunk=3,Accessories,,,
https://www.madewell.com/madewell-x-girls-inc.-reusable-canvas-tote-bag-L0244.html?dwvar_L0244_color=EB1689&cgid=accessories-bags&position=12&position=12&activeChunk=3,Accessories,,,
https://www.madewell.com/the-post-wallet-J8797.html?dwvar_J8797_size=ONE%20S&dwvar_J8797_color=BR6755&cgid=accessories-bags&position=13&position=13&activeChunk=3,Accessories,,,
https://www.madewell.com/the-leather-passport-case-E5890.html?dwvar_E5890_size=ONE%20S&dwvar_E5890_color=BR6755&cgid=accessories-bags&position=14&position=14&activeChunk=3,Accessories,,,
https://www.madewell.com/front-door-key-fob-in-striped-calf-hair-J8798.html?dwvar_J8798_color=EG7251&cgid=accessories-bags&position=15&position=15&activeChunk=3,Accessories,,,
https://www.madewell.com/large-mesh-travel-bag-in-rainbow-stripe-L1275.html?dwvar_L1275_color=EG9863&cgid=accessories-bags&position=16&position=16&activeChunk=3,Accessories,,,
https://www.madewell.com/the-leather-card-case-G2704.html?dwvar_G2704_size=ONE%20S&dwvar_G2704_color=BR6755&cgid=accessories-bags&position=17&position=17&activeChunk=3,Accessories,,,
https://www.madewell.com/the-simple-pouch-belt-bag-J8947.html?dwvar_J8947_size=XS&dwvar_J8947_color=NA7059&cgid=accessories-bags&position=18&position=18&activeChunk=3,Accessories,,,
https://www.madewell.com/the-leather-pouch-wallet-confetti-floral-edition-L2854.html?dwvar_L2854_color=EG9846&cgid=accessories-bags&position=19&position=19&activeChunk=3,Accessories,,,
https://www.madewell.com/madewell-x-girls-inc.-female-symbol-front-door-key-fob-K9880.html?dwvar_K9880_color=ED0747&cgid=accessories-bags&position=20&position=20&activeChunk=3,Accessories,,,
https://www.madewell.com/the-leather-pouch-clutch-F6966.html?dwvar_F6966_color=BR6755&dwvar_F6966_size=ONE%20S&cgid=accessories-bags&position=21&position=21&activeChunk=3,Accessories,,,
https://www.madewell.com/the-leather-passport-case-E5890.html?dwvar_E5890_size=ONE%20S&dwvar_E5890_color=BK5229&cgid=accessories-bags&position=22&position=22&activeChunk=3,Accessories,,,
https://www.madewell.com/small-crystalline-half-moon-pouch-J1563.html?dwvar_J1563_color=EF1953&cgid=accessories-bags&position=23&position=23&activeChunk=3,Accessories,,,
https://www.madewell.com/the-reusable-canvas-tote-star-edition-L1315.html?dwvar_L1315_color=EG5377&cgid=accessories-bags&position=24&position=24&activeChunk=3,Accessories,,,
https://www.madewell.com/madewell-x-charity-water-reusable-canvas-tote-bag-L0243.html?dwvar_L0243_color=EB1687&cgid=accessories-bags&position=25&position=25&activeChunk=3,Accessories,,,
https://www.madewell.com/the-leather-pouch-wallet-F6967.html?dwvar_F6967_color=RD5677&dwvar_F6967_size=ONE%20S&cgid=accessories-bags&position=26&position=26&activeChunk=3,Accessories,,,
https://www.madewell.com/the-leather-card-case-G2704.html?dwvar_G2704_size=ONE%20S&dwvar_G2704_color=RD5677&cgid=accessories-bags&position=27&position=27&activeChunk=3,Accessories,,,
https://www.madewell.com/the-leather-pouch-wallet-F6967.html?dwvar_F6967_color=YL5597&dwvar_F6967_size=ONE%20S&cgid=accessories-bags&position=28&position=28&activeChunk=3,Accessories,,,
https://www.madewell.com/the-leather-card-case-G2704.html?dwvar_G2704_size=ONE%20S&dwvar_G2704_color=BK5229&cgid=accessories-bags&position=29&position=29&activeChunk=3,Accessories,,,
https://www.madewell.com/front-door-key-fob-B2294.html?dwvar_B2294_color=EF5117&cgid=accessories-bags&position=30&position=30&activeChunk=3,Accessories,,,
https://www.madewell.com/the-leather-laptop-case-G0026.html?dwvar_G0026_color=BR6755&dwvar_G0026_size=ONE%20S&cgid=accessories-bags&position=31&position=31&activeChunk=3,Accessories,,,
https://www.madewell.com/the-leather-laptop-case-G0026.html?dwvar_G0026_color=BK5229&dwvar_G0026_size=ONE%20S&cgid=accessories-bags&position=32&position=32&activeChunk=3,Accessories,,,
https://www.madewell.com/the-leather-pouch-clutch-F6966.html?dwvar_F6966_color=PR6118&dwvar_F6966_size=ONE%20S&cgid=accessories-bags&position=33&position=33&activeChunk=3,Accessories,,,
https://www.madewell.com/large-crystalline-half-moon-pouch-G8106.html?dwvar_G8106_color=EG2375&cgid=accessories-bags&position=34&position=34&activeChunk=3,Accessories,,,
https://www.madewell.com/the-lorimer-mini-backpack-G2014.html?dwvar_G2014_size=ONE%20S&dwvar_G2014_color=BK5229&cgid=accessories-bags&position=35&position=35&activeChunk=3,Accessories,,,
https://www.madewell.com/large-crystalline-half-moon-pouch-J1562.html?dwvar_J1562_color=EF1953&cgid=accessories-bags&position=0&position=0&activeChunk=4,Accessories,,,
https://www.madewell.com/the-slim-convertible-bag-J8800.html?dwvar_J8800_color=BK5229&dwvar_J8800_size=ONE%20S&cgid=accessories-bags&position=1&position=1&activeChunk=4,Accessories,,,
https://www.madewell.com/the-slim-convertible-bag-J8800.html?dwvar_J8800_color=RD5677&dwvar_J8800_size=ONE%20S&cgid=accessories-bags&position=2&position=2&activeChunk=4,Accessories,,,
https://www.madewell.com/the-leather-passport-case-E5890.html?dwvar_E5890_size=ONE%20S&dwvar_E5890_color=NA7059&cgid=accessories-bags&position=3&position=3&activeChunk=4,Accessories,,,
https://www.madewell.com/bembienreg%3B-lily-rattan-crossbody-bag-K4403.html?dwvar_K4403_color=BR0968&cgid=accessories-bags&position=4&position=4&activeChunk=4,Accessories,,,
https://www.madewell.com/large-crystalline-travel-bag-K0238.html?dwvar_K0238_color=EF1953&cgid=accessories-bags&position=5&position=5&activeChunk=4,Accessories,,,
https://www.madewell.com/bembienreg%3B-sofia-rattan-shoulder-bag-K4402.html?dwvar_K4402_color=BR0968&cgid=accessories-bags&position=6&position=6&activeChunk=4,Accessories,,,
https://www.madewell.com/the-leather-luggage-tag-L3255.html?dwvar_L3255_size=ONE%20S&dwvar_L3255_color=BR6755&cgid=accessories-bags&position=7&position=7&activeChunk=4,Accessories,,,
https://www.madewell.com/the-leather-luggage-tag-L3255.html?dwvar_L3255_size=ONE%20S&dwvar_L3255_color=BK5229&cgid=accessories-bags&position=8&position=8&activeChunk=4,Accessories,,,
https://www.madewell.com/the-medium-leather-pouch-clutch-rainbow-striped-edition-L2852.html?dwvar_L2852_color=EG9845&cgid=accessories-bags&position=9&position=9&activeChunk=4,Accessories,,,
https://www.madewell.com/the-leather-luggage-tag-rainbow-striped-edition-L3282.html?dwvar_L3282_color=EG9845&cgid=accessories-bags&position=10&position=10&activeChunk=4,Accessories,,,
https://www.madewell.com/topo-designsreg%3B-y-pack-backpack-L1111.html?dwvar_L1111_color=EB2084&cgid=accessories-bags&position=11&position=11&activeChunk=4,Accessories,,,
https://www.madewell.com/madewell-x-topo-designsreg%3B-cinch-tote-L1112.html?dwvar_L1112_color=EB2080&cgid=accessories-bags&position=12&position=12&activeChunk=4,Accessories,,,
https://www.madewell.com/the-knot-crossbody-bag-in-faux-fur-K5346.html?dwvar_K5346_color=RD6395&dwvar_K5346_size=ONE%20S&cgid=accessories-bags&position=13&position=13&activeChunk=4,Accessories,,,
https://www.madewell.com/the-small-transport-crossbody-in-faux-fur-K4464.html?dwvar_K4464_color=RD6395&cgid=accessories-bags&position=14&position=14&activeChunk=4,Accessories,,,
https://www.madewell.com/bembienreg%3B-stella-rattan-box-bag-K9344.html?dwvar_K9344_color=BR0968&cgid=accessories-bags&position=15&position=15&activeChunk=4,Accessories,,,
https://www.madewell.com/the-simple-pouch-belt-bag-in-faux-fur-K5816.html?dwvar_K5816_color=RD6395&cgid=accessories-bags&position=16&position=16&activeChunk=4,Accessories,,,
https://www.madewell.com/pinch-provisionsreg%3B-travel-kit-K5296.html?dwvar_K5296_color=EB0889&cgid=accessories-bags&position=17&position=17&activeChunk=4,Accessories,,,
https://www.madewell.com/owen-barrytrade%3B-shearling-bag-K5332.html?dwvar_K5332_color=EB0819&cgid=accessories-bags&position=18&position=18&activeChunk=4,Accessories,,,
https://www.madewell.com/madewell-x-the-new-denim-projectreg%3B-patchwork-pouch-L3580.html?dwvar_L3580_color=EB0696&cgid=accessories-bags&position=19&position=19&activeChunk=4,Accessories,,,
https://www.madewell.com/lolatrade%3B-mondo-hippie-fanny-pack-L5893.html?dwvar_L5893_color=BK0001&cgid=accessories-bags&position=20&position=20&activeChunk=4,Accessories,,,
https://www.madewell.com/tribe-alivetrade%3B-bitty-crossbody-bag-M0691.html?dwvar_M0691_color=BK0001&cgid=accessories-bags&position=21&position=21&activeChunk=4,Accessories,,,
https://www.madewell.com/lolatrade%3B-mondo-stargazer-mini-convertible-backpack-L5844.html?dwvar_L5844_size=ONE%20S&dwvar_L5844_color=RD0021&cgid=accessories-bags&position=22&position=22&activeChunk=4,Accessories,,,
https://www.madewell.com/lolatrade%3B-mondo-stargazer-mini-convertible-backpack-L5844.html?dwvar_L5844_size=ONE%20S&dwvar_L5844_color=BK0001&cgid=accessories-bags&position=23&position=23&activeChunk=4,Accessories,,,
https://www.madewell.com/makr-leather-zip-luxe-wallet-L6509.html?dwvar_L6509_color=BR0001&cgid=accessories-bags&position=24&position=24&activeChunk=4,Accessories,,,
https://www.madewell.com/makr-canvas-farm-tote-bag-L6505.html?dwvar_L6505_color=BL0004&cgid=accessories-bags&position=25&position=25&activeChunk=4,Accessories,,,
https://www.madewell.com/makr-leather-cascade-wallet-L6513.html?dwvar_L6513_color=EC0793&dwvar_L6513_size=ONE%20S&cgid=accessories-bags&position=26&position=26&activeChunk=4,Accessories,,,
https://www.madewell.com/makr-leather-cascade-wallet-L6513.html?dwvar_L6513_color=BR0968&dwvar_L6513_size=ONE%20S&cgid=accessories-bags&position=27&position=27&activeChunk=4,Accessories,,,
https://www.madewell.com/makr-leather-cascade-wallet-L6513.html?dwvar_L6513_color=BK0001&dwvar_L6513_size=ONE%20S&cgid=accessories-bags&position=28&position=28&activeChunk=4,Accessories,,,
https://www.madewell.com/makr-leather-cascade-wallet-L6513.html?dwvar_L6513_color=BR0130&dwvar_L6513_size=ONE%20S&cgid=accessories-bags&position=29&position=29&activeChunk=4,Accessories,,,
https://www.madewell.com/makr-leather-cascade-wallet-L6513.html?dwvar_L6513_color=RD0021&dwvar_L6513_size=ONE%20S&cgid=accessories-bags&position=30&position=30&activeChunk=4,Accessories,,,
https://www.madewell.com/makr-leather-cascade-wallet-L6513.html?dwvar_L6513_color=BR0984&dwvar_L6513_size=ONE%20S&cgid=accessories-bags&position=31&position=31&activeChunk=4,Accessories,,,
https://www.madewell.com/makr-leather-cascade-wallet-L6513.html?dwvar_L6513_color=BR0001&dwvar_L6513_size=ONE%20S&cgid=accessories-bags&position=32&position=32&activeChunk=4,Accessories,,,
https://www.madewell.com/makr-leather-horizon-four-wallet-L6514.html?dwvar_L6514_size=ONE%20S&dwvar_L6514_color=BR0984&cgid=accessories-bags&position=33&position=33&activeChunk=4,Accessories,,,
https://www.madewell.com/makr-leather-horizon-four-wallet-L6514.html?dwvar_L6514_size=ONE%20S&dwvar_L6514_color=BR0001&cgid=accessories-bags&position=34&position=34&activeChunk=4,Accessories,,,
https://www.madewell.com/makr-leather-horizon-four-wallet-L6514.html?dwvar_L6514_size=ONE%20S&dwvar_L6514_color=BK0001&cgid=accessories-bags&position=35&position=35&activeChunk=4,Accessories,,,
https://www.madewell.com/makr-leather-horizon-four-wallet-L6514.html?dwvar_L6514_size=ONE%20S&dwvar_L6514_color=EF3042&cgid=accessories-bags&position=0&position=0&activeChunk=5,Accessories,,,
https://www.madewell.com/makr-leather-horizon-four-wallet-L6514.html?dwvar_L6514_size=ONE%20S&dwvar_L6514_color=RD0021&cgid=accessories-bags&position=1&position=1&activeChunk=5,Accessories,,,
https://www.madewell.com/makr-leather-horizon-four-wallet-L6514.html?dwvar_L6514_size=ONE%20S&dwvar_L6514_color=EC0793&cgid=accessories-bags&position=2&position=2&activeChunk=5,Accessories,,,
https://www.madewell.com/makr-leather-horizon-four-wallet-L6514.html?dwvar_L6514_size=ONE%20S&dwvar_L6514_color=BR0968&cgid=accessories-bags&position=3&position=3&activeChunk=5,Accessories,,,
https://www.madewell.com/makr-leather-horizon-four-wallet-L6514.html?dwvar_L6514_size=ONE%20S&dwvar_L6514_color=BL0004&cgid=accessories-bags&position=4&position=4&activeChunk=5,Accessories,,,
https://www.madewell.com/makr-large-suede-organizer-pouch-L6503.html?dwvar_L6503_color=BR0968&cgid=accessories-bags&position=5&position=5&activeChunk=5,Accessories,,,
https://www.madewell.com/makr-canvas-day-tote-bag-L6506.html?dwvar_L6506_color=EC0793&cgid=accessories-bags&position=6&position=6&activeChunk=5,Accessories,,,
https://www.madewell.com/makr-canvas-and-leather-fold-weekender-bag-L6499.html?dwvar_L6499_size=ONE%20S&dwvar_L6499_color=WC6066&cgid=accessories-bags&position=7&position=7&activeChunk=5,Accessories,,,
https://www.madewell.com/makr-canvas-and-leather-fold-weekender-bag-L6499.html?dwvar_L6499_size=ONE%20S&dwvar_L6499_color=GR0005&cgid=accessories-bags&position=8&position=8&activeChunk=5,Accessories,,,
https://www.madewell.com/makr-canvas-zip-slim-wallet-L6507.html?dwvar_L6507_color=BL0004&cgid=accessories-bags&position=9&position=9&activeChunk=5,Accessories,,,
https://www.madewell.com/tribe-alivetrade%3B-oversized-travel-bag-M0699.html?dwvar_M0699_color=BK0001&cgid=accessories-bags&position=10&position=10&activeChunk=5,Accessories,,,
https://www.madewell.com/makr-leather-round-wallet-L6511.html?dwvar_L6511_color=RD0021&cgid=accessories-bags&position=11&position=11&activeChunk=5,Accessories,,,
https://www.madewell.com/makr-large-canvas-organizer-pouch-L6501.html?dwvar_L6501_color=BK0001&dwvar_L6501_size=ONE%20S&cgid=accessories-bags&position=12&position=12&activeChunk=5,Accessories,,,
https://www.madewell.com/makr-large-canvas-organizer-pouch-L6501.html?dwvar_L6501_color=BR0984&dwvar_L6501_size=ONE%20S&cgid=accessories-bags&position=13&position=13&activeChunk=5,Accessories,,,
https://www.madewell.com/makr-large-canvas-organizer-pouch-L6501.html?dwvar_L6501_color=GR0005&dwvar_L6501_size=ONE%20S&cgid=accessories-bags&position=14&position=14&activeChunk=5,Accessories,,,
https://www.madewell.com/makr-large-canvas-organizer-pouch-L6501.html?dwvar_L6501_color=BL0004&dwvar_L6501_size=ONE%20S&cgid=accessories-bags&position=15&position=15&activeChunk=5,Accessories,,,
https://www.madewell.com/makr-leather-round-luxe-wallet-L6512.html?dwvar_L6512_color=BK0001&dwvar_L6512_size=ONE%20S&cgid=accessories-bags&position=16&position=16&activeChunk=5,Accessories,,,
https://www.madewell.com/makr-leather-round-luxe-wallet-L6512.html?dwvar_L6512_color=RD0021&dwvar_L6512_size=ONE%20S&cgid=accessories-bags&position=17&position=17&activeChunk=5,Accessories,,,
https://www.madewell.com/makr-leather-round-luxe-wallet-L6512.html?dwvar_L6512_color=BR0984&dwvar_L6512_size=ONE%20S&cgid=accessories-bags&position=18&position=18&activeChunk=5,Accessories,,,
https://www.madewell.com/makr-leather-round-luxe-wallet-L6512.html?dwvar_L6512_color=BL0004&dwvar_L6512_size=ONE%20S&cgid=accessories-bags&position=19&position=19&activeChunk=5,Accessories,,,
https://www.madewell.com/makr-leather-round-luxe-wallet-L6512.html?dwvar_L6512_color=EC0793&dwvar_L6512_size=ONE%20S&cgid=accessories-bags&position=20&position=20&activeChunk=5,Accessories,,,
https://www.madewell.com/makr-leather-round-luxe-wallet-L6512.html?dwvar_L6512_color=BR0968&dwvar_L6512_size=ONE%20S&cgid=accessories-bags&position=21&position=21&activeChunk=5,Accessories,,,
https://www.madewell.com/lolatrade%3B-mondo-escapist-large-backpack-L5842.html?dwvar_L5842_color=BL0021&dwvar_L5842_size=ONE%20S&cgid=accessories-bags&position=22&position=22&activeChunk=5,Accessories,,,
https://www.madewell.com/lolatrade%3B-mondo-escapist-large-backpack-L5842.html?dwvar_L5842_color=RD0021&dwvar_L5842_size=ONE%20S&cgid=accessories-bags&position=23&position=23&activeChunk=5,Accessories,,,
https://www.madewell.com/lolatrade%3B-mondo-escapist-large-backpack-L5842.html?dwvar_L5842_color=BR0948&dwvar_L5842_size=ONE%20S&cgid=accessories-bags&position=24&position=24&activeChunk=5,Accessories,,,
https://www.madewell.com/lolatrade%3B-mondo-escapist-large-backpack-L5842.html?dwvar_L5842_color=BK0001&dwvar_L5842_size=ONE%20S&cgid=accessories-bags&position=25&position=25&activeChunk=5,Accessories,,,
https://www.madewell.com/lolatrade%3B-mondo-utopian-small-backpack-L5843.html?dwvar_L5843_size=ONE%20S&dwvar_L5843_color=BR0948&cgid=accessories-bags&position=26&position=26&activeChunk=5,Accessories,,,
https://www.madewell.com/lolatrade%3B-mondo-utopian-small-backpack-L5843.html?dwvar_L5843_size=ONE%20S&dwvar_L5843_color=BL0021&cgid=accessories-bags&position=27&position=27&activeChunk=5,Accessories,,,
https://www.madewell.com/lolatrade%3B-mondo-utopian-small-backpack-L5843.html?dwvar_L5843_size=ONE%20S&dwvar_L5843_color=RD0021&cgid=accessories-bags&position=28&position=28&activeChunk=5,Accessories,,,
https://www.madewell.com/lolatrade%3B-mondo-utopian-small-backpack-L5843.html?dwvar_L5843_size=ONE%20S&dwvar_L5843_color=BK0001&cgid=accessories-bags&position=29&position=29&activeChunk=5,Accessories,,,
https://www.madewell.com/tribe-alivetrade%3B-pouch-wallet-M0701.html?dwvar_M0701_color=BK0001&cgid=accessories-bags&position=30&position=30&activeChunk=5,Accessories,,,
https://www.madewell.com/makr-suede-zip-slim-wallet-L6508.html?dwvar_L6508_color=BK0001&cgid=accessories-bags&position=31&position=31&activeChunk=5,Accessories,,,
https://www.madewell.com/makr-canvas-farm-backpack-L6504.html?dwvar_L6504_color=BL0004&cgid=accessories-bags&position=32&position=32&activeChunk=5,Accessories,,,
https://www.madewell.com/tribe-alivetrade%3B-convertible-pocket-backpack-M0692.html?dwvar_M0692_color=BK0001&cgid=accessories-bags&position=33&position=33&activeChunk=5,Accessories,,,
https://www.madewell.com/makr-leather-round-wallet-L6510.html?dwvar_L6510_color=RD0021&cgid=accessories-bags&position=34&position=34&activeChunk=5,Accessories,,,
https://www.madewell.com/short-brimmed-canvas-bucket-hat-J2171.html?dwvar_J2171_color=EG1507&dwvar_J2171_size=S-M&cgid=accessories-hats&position=0&position=0&activeChunk=0,Accessories,,,
https://www.madewell.com/short-brimmed-canvas-bucket-hat-J2171.html?dwvar_J2171_color=EB0027&dwvar_J2171_size=M-L&cgid=accessories-hats&position=1&position=1&activeChunk=0,Accessories,,,
https://www.madewell.com/madewell-x-biltmorereg%3B-wide-brimmed-rainbow-straw-hat-L2476.html?dwvar_L2476_color=EB0040&cgid=accessories-hats&position=2&position=2&activeChunk=0,Accessories,,,
https://www.madewell.com/gingham-tie-back-baseball-cap-L2889.html?dwvar_L2889_color=EB1905&cgid=accessories-hats&position=3&position=3&activeChunk=0,Accessories,,,
https://www.madewell.com/rainbow-stripe-tie-back-baseball-cap-L2888.html?dwvar_L2888_color=WX3794&cgid=accessories-hats&position=4&position=4&activeChunk=0,Accessories,,,
https://www.madewell.com/packable-mesa-straw-hat-H6578.html?dwvar_H6578_color=EG4773&dwvar_H6578_size=S-M&cgid=accessories-hats&position=5&position=5&activeChunk=0,Accessories,,,
https://www.madewell.com/packable-mesa-straw-hat-H6578.html?dwvar_H6578_color=BK5229&dwvar_H6578_size=S-M&cgid=accessories-hats&position=6&position=6&activeChunk=0,Accessories,,,
https://www.madewell.com/stampede-strap-straw-boater-hat-L5421.html?dwvar_L5421_color=EB0038&dwvar_L5421_size=M-L&cgid=accessories-hats&position=7&position=7&activeChunk=0,Accessories,,,
https://www.madewell.com/stampede-strap-straw-boater-hat-L5421.html?dwvar_L5421_color=EB0039&dwvar_L5421_size=M-L&cgid=accessories-hats&position=8&position=8&activeChunk=0,Accessories,,,
https://www.madewell.com/wide-brimmed-straw-sunhat-L3456.html?dwvar_L3456_color=EB0041&dwvar_L3456_size=S-M&cgid=accessories-hats&position=9&position=9&activeChunk=0,Accessories,,,
https://www.madewell.com/wide-brimmed-straw-sunhat-L3456.html?dwvar_L3456_color=EB0042&dwvar_L3456_size=M-L&cgid=accessories-hats&position=10&position=10&activeChunk=0,Accessories,,,
https://www.madewell.com/madewell-x-biltmorereg%3B-panama-hat-A9113.html?dwvar_A9113_color=WN2294&cgid=accessories-hats&position=11&position=11&activeChunk=0,Accessories,,,
https://www.madewell.com/cotton-linen-baseball-cap-G3328.html?dwvar_G3328_color=EG0278&cgid=accessories-hats&position=12&position=12&activeChunk=0,Accessories,,,
https://www.madewell.com/denim-baseball-cap-G3329.html?dwvar_G3329_color=EG1605&cgid=accessories-hats&position=13&position=13&activeChunk=0,Accessories,,,
https://www.madewell.com/rainbow-pom-pom-beanie-K4640.html?dwvar_K4640_color=EB0808&cgid=accessories-hats&position=14&position=14&activeChunk=0,Accessories,,,
https://www.madewell.com/madewell-x-charity-water-cuffed-beanie-K9393.html?dwvar_K9393_color=EB1878&cgid=accessories-hats&position=15&position=15&activeChunk=0,Accessories,,,
https://www.madewell.com/madewell-x-girls-inc.-cuffed-beanie-K9394.html?dwvar_K9394_color=PR6118&cgid=accessories-hats&position=16&position=16&activeChunk=0,Accessories,,,
https://www.madewell.com/striped-cashmere-beanie-K6500.html?dwvar_K6500_size=ONE%20S&dwvar_K6500_color=SU1750&cgid=accessories-hats&position=17&position=17&activeChunk=0,Accessories,,,
https://www.madewell.com/madewell-x-owen-barrytrade%3B-shearling-trapper-hat-K5325.html?dwvar_K5325_color=EB0817&cgid=accessories-hats&position=18&position=18&activeChunk=0,Accessories,,,
https://www.madewell.com/donegal-kent-beanie-in-coziest-yarn-H3444.html?dwvar_H3444_size=ONE%20S&dwvar_H3444_color=NA6069&cgid=accessories-hats&position=19&position=19&activeChunk=0,Accessories,,,
https://www.madewell.com/madewell-x-manos-del-uruguay-space-dyed-cableknit-pom-pom-beanie-K3250.html?dwvar_K3250_color=EB0548&cgid=accessories-hats&position=20&position=20&activeChunk=0,Accessories,,,
https://www.madewell.com/cuffed-beanie-H1472.html?dwvar_H1472_color=OR5144&dwvar_H1472_size=ONE%20S&cgid=accessories-hats&position=21&position=21&activeChunk=0,Accessories,,,
https://www.madewell.com/embroidered-ciao-for-now-canvas-baseball-cap-J8728.html?dwvar_J8728_color=EG6889&cgid=accessories-hats&position=22&position=22&activeChunk=0,Accessories,,,
https://www.madewell.com/slouch-beanie-K1087.html?dwvar_K1087_size=ONE%20S&dwvar_K1087_color=EB0945&cgid=accessories-hats&position=23&position=23&activeChunk=0,Accessories,,,
https://www.madewell.com/canvas-bucket-hat-G5986.html?dwvar_G5986_color=BL5912&cgid=accessories-hats&position=24&position=24&activeChunk=0,Accessories,,,
https://www.madewell.com/madewell-x-owen-barrytrade%3B-shearling-trooper-hat-K5331.html?dwvar_K5331_color=EB0820&cgid=accessories-hats&position=25&position=25&activeChunk=0,Accessories,,,
https://www.madewell.com/madewell-x-girls-inc.-women-graphic-baseball-cap-L8184.html?dwvar_L8184_color=NA6259&cgid=accessories-hats&position=26&position=26&activeChunk=0,Accessories,,,
https://www.madewell.com/wyethtrade%3B-dylan-rancher-hat-L8672.html?dwvar_L8672_color=BR0948&cgid=accessories-hats&position=27&position=27&activeChunk=0,Accessories,,,
https://www.madewell.com/wyethtrade%3B-billie-rancher-hat-L8721.html?dwvar_L8721_color=BL0004&cgid=accessories-hats&position=28&position=28&activeChunk=0,Accessories,,,
https://www.madewell.com/wyethtrade%3B-riley-panama-hat-L8682.html?dwvar_L8682_color=BK0001&cgid=accessories-hats&position=29&position=29&activeChunk=0,Accessories,,,
https://www.madewell.com/wyethtrade%3B-joaquin-vegan-leather-beret-L8691.html?dwvar_L8691_color=BK0001&cgid=accessories-hats&position=30&position=30&activeChunk=0,Accessories,,,
https://www.madewell.com/wyethtrade%3B-jackson-rancher-hat-L8671.html?dwvar_L8671_color=BK0001&cgid=accessories-hats&position=31&position=31&activeChunk=0,Accessories,,,
https://www.madewell.com/wyethtrade%3B-addie-captain%27s-hat-L8863.html?dwvar_L8863_color=BL0004&cgid=accessories-hats&position=32&position=32&activeChunk=0,Accessories,,,
https://www.madewell.com/wyethtrade%3B-farah-corduroy-cap-L8684.html?dwvar_L8684_color=BL0004&cgid=accessories-hats&position=33&position=33&activeChunk=0,Accessories,,,
https://www.madewell.com/wyethtrade%3B-sylvie-beret-L8685.html?dwvar_L8685_color=RD0021&cgid=accessories-hats&position=34&position=34&activeChunk=0,Accessories,,,
